{"rows": 8950, "columns": 18, "missing_values": 314, "duplicate_rows": 0, "column_names": ["CUST_ID", "BALANCE", "BALANCE_FREQUENCY", "PURCHASES", "ONEOFF_PURCHASES", "INSTALLMENTS_PURCHASES", "CASH_ADVANCE", "PURCHASES_FREQUENCY", "ONEOFF_PURCHASES_FREQUENCY", "PURCHASES_INSTALLMENTS_FREQUENCY", "CASH_ADVANCE_FREQUENCY", "CASH_ADVANCE_TRX", "PURCHASES_TRX", "CREDIT_LIMIT", "PAYMENTS", "MINIMUM_PAYMENTS", "PRC_FULL_PAYMENT", "TENURE"], "dataset": "CC-GENERAL.csv", "feature_columns": ["CUST_ID", "BALANCE", "BALANCE_FREQUENCY", "PURCHASES", "ONEOFF_PURCHASES", "INSTALLMENTS_PURCHASES", "CASH_ADVANCE", "PURCHASES_FREQUENCY", "ONEOFF_PURCHASES_FREQUENCY", "PURCHASES_INSTALLMENTS_FREQUENCY", "CASH_ADVANCE_FREQUENCY", "CASH_ADVANCE_TRX", "PURCHASES_TRX", "CREDIT_LIMIT", "PAYMENTS", "MINIMUM_PAYMENTS", "PRC_FULL_PAYMENT", "TENURE"], "correlation": {"columns": ["BALANCE", "BALANCE_FREQUENCY", "PURCHASES", "ONEOFF_PURCHASES", "INSTALLMENTS_PURCHASES", "CASH_ADVANCE", "PURCHASES_FREQUENCY", "ONEOFF_PURCHASES_FREQUENCY", "PURCHASES_INSTALLMENTS_FREQUENCY", "CASH_ADVANCE_FREQUENCY", "CASH_ADVANCE_TRX", "PURCHASES_TRX"], "matrix": [[1.0, 0.3224, 0.1813, 0.1643, 0.1265, 0.4967, -0.0779, 0.0732, -0.0632, 0.4492, 0.3852, 0.1543], [0.3224, 1.0, 0.1337, 0.1043, 0.1243, 0.0994, 0.2297, 0.2024, 0.1761, 0.1919, 0.1416, 0.1896], [0.1813, 0.1337, 1.0, 0.9168, 0.6799, -0.0515, 0.393, 0.4984, 0.3156, -0.1201, -0.0672, 0.6896], [0.1643, 0.1043, 0.9168, 1.0, 0.3306, -0.0313, 0.2649, 0.5249, 0.1277, -0.0826, -0.0462, 0.5455], [0.1265, 0.1243, 0.6799, 0.3306, 1.0, -0.0642, 0.4424, 0.214, 0.5114, -0.1323, -0.074, 0.6281], [0.4967, 0.0994, -0.0515, -0.0313, -0.0642, 1.0, -0.2155, -0.0868, -0.1771, 0.6285, 0.6565, -0.0759], [-0.0779, 0.2297, 0.393, 0.2649, 0.4424, -0.2155, 1.0, 0.5013, 0.8629, -0.3085, -0.2035, 0.5684], [0.0732, 0.2024, 0.4984, 0.5249, 0.214, -0.0868, 0.5013, 1.0, 0.1423, -0.1117, -0.0691, 0.5449], [-0.0632, 0.1761, 0.3156, 0.1277, 0.5114, -0.1771, 0.8629, 0.1423, 1.0, -0.263, -0.1692, 0.53], [0.4492, 0.1919, -0.1201, -0.0826, -0.1323, 0.6285, -0.3085, -0.1117, -0.263, 1.0, 0.7996, -0.1312], [0.3852, 0.1416, -0.0672, -0.0462, -0.074, 0.6565, -0.2035, -0.0691, -0.1692, 0.7996, 1.0, -0.0662], [0.1543, 0.1896, 0.6896, 0.5455, 0.6281, -0.0759, 0.5684, 0.5449, 0.53, -0.1312, -0.0662, 1.0]]}, "distributions": {"columns": ["BALANCE", "BALANCE_FREQUENCY"], "bins": {"BALANCE": [0.0, 1904.313856, 3808.627712, 5712.941568, 7617.255424, 9521.56928, 11425.883136, 13330.196992, 15234.510848, 17138.824704, 19043.13856], "BALANCE_FREQUENCY": [0.0, 0.1, 0.2, 0.30000000000000004, 0.4, 0.5, 0.6000000000000001, 0.7000000000000001, 0.8, 0.9, 1.0]}, "counts": {"BALANCE": [6546, 1333, 577, 279, 135, 40, 21, 11, 6, 2], "BALANCE_FREQUENCY": [147, 182, 190, 201, 194, 294, 270, 277, 519, 6676]}}, "n_samples_train": 8950}